s1_name	s2_name	s1_min	s1_max	s1_n	s2_min	s2_max	s2_n	par3	par4	par5	par6	par7	par8	par9	par10	par11	par12	par13	par14	par15	par16	x1	x2	x3	x4	x5	x6	x7	x8	x9	x10	x11	x12	x13	x14	x15	x16	x17	x18	x19	x20	x21	x22	varx1	varx3	varx5	varx6	Ntimes
par1	par2	0.001	1000	20	0.001	1000	20	0.008353	0.78	0.0041765	0.39	0.0202	0.0202	0.0202	0.0202	0.001362	0.001362	0.315537	2.640399	0.315537	2.640399	1000	0	1000	0	168551	168551	0	0	0	0	0	0	0	0	0	0	0	0	0	0	0	0	0	0	0	0	20
