s_name	smin	smax	s_n	par2	par3	par4	par5	x1	x2	times
par1	0	10	50	24.042313938	12.9401454977	3.1111104046	1	0	0	20